{
    "loss": 0.5239178538322449,
    "accuracy": 0.9496402740478516,
    "precision": 0.9496402740478516,
    "recall": 0.9496402740478516,
    "f1_score": 0.9496402740478516
}