{
    "loss": 0.4052891135215759,
    "accuracy": 0.9784172773361206,
    "precision": 0.9784172773361206,
    "recall": 0.9784172773361206,
    "f1_score": 0.9784172773361206
}